translation_id,source_text,translated_text,source_language,target_language,model_used,confidence_score,timestamp,bleu_score,rouge1,rouge2,rougeL,meteor_score,bert_precision,bert_recall,bert_f1,chrf_score,ter_score,cer_score,wer_score,semantic_similarity,cosine_similarity,jaccard_similarity,exact_match,precision,recall,f1,fluency_score,readability_score,grammar_score,contextual_accuracy,translation_confidence,answer_relevancy,faithfulness_score,groundedness_score,context_precision,context_recall,hallucination_score,named_entity_accuracy,toxicity_score,ragas_score,deepeval_score,trulens_groundedness,llm_judge_score,overall_quality,g_eval_score,comet_score,bleurt_score,ser_score
6b445551-bb44-46ed-a210-c6709315ecf7,"Technical Assignment — Gates Foundation AI Fellowship –  India 2026  
 
Overview  
This assignment is part of the technical screening process for the fellowship. Candidates 
are asked to install, assess, and build on a real AI evaluation tool. We are interested both in the technical output and in the decisions made to produce it. 
Submission of a code repository is a prerequisite for further consideration. Candidates who 
do not submit a repository will not proceed.  
 
The Tool  
Install the CeRAI AI Evaluation Tool: https://github.com/cerai -iitm/AIEvaluationTool  
This is an open-source framework developed at CeRAI, IIT Madras, for the automated evaluation of conversational AI systems. It evaluates conversational endpoints by sending structured text inputs and assessing responses against quality metrics covering acc uracy, 
safety, and user experience. It supports API endpoints, WhatsApp bots, and web -based 
interfaces.  
Candidates are expected to read the documentation carefully ","तकनीकी असाइनमेंट - गेट्स फाउंडेशन एआई फ़ेलोशिप - भारत 2026  
 
सिंहावलोकन  
यह असाइनमेंट फ़ेलोशिप के लिए तकनीकी स्क्रीनिंग प्रक्रिया का हिस्सा है। उम्मीदवार 
वास्तविक एआई मूल्यांकन उपकरण स्थापित करने, मूल्यांकन करने और निर्माण करने के लिए कहा जाता है। हम तकनीकी आउटपुट और इसे उत्पादित करने के लिए लिए गए निर्णयों दोनों में रुचि रखते हैं। 
आगे के विचार के लिए कोड रिपोजिटरी प्रस्तुत करना एक पूर्व शर्त है। जो उम्मीदवार 
रिपॉजिटरी सबमिट न करें आगे नहीं बढ़ेगा।  
 
उपकरण  
CeRAI AI मूल्यांकन उपकरण स्थापित करें: https://github.com/cerai -iitm/AIEvaluationTool  
यह संवादात्मक एआई प्रणालियों के स्वचालित मूल्यांकन के लिए सीईआरएआई, आईआईटी मद्रास में विकसित एक ओपन-सोर्स फ्रेमवर्क है। यह संरचित पाठ इनपुट भेजकर और सटीकता को कवर करने वाले गुणवत्ता मेट्रिक्स के खिलाफ प्रतिक्रियाओं का आकलन करके संवादात्मक समापन बिंदुओं का मूल्यांकन करता है। 
सुरक्षा, और उपयोगकर्ता अनुभव। यह एपीआई एंडपॉइंट, व्हाट्सएप बॉट और वेब-आधारित का समर्थन करता है 
इंटरफ़ेस.  
उम्मीदवारों से अपेक्षा की जाती है कि वे आगे बढ़ने से पहले दस्तावेज़ को ध्यान से पढ़ें। टूल के दायरे और सीमाओं को समझना स्वयं कार्य का हिस्सा है।  
 
एक रास्ता चुनें  
विकल्प ए - मूल्यांकन करें और रिपोर्ट करें  
अपनी पसंद का एक संवादात्मक समापन बिंदु चुनें, एक परीक्षण सूट डिज़ाइन करें और टूल का उपयोग करके इसे चलाएं। आपके रिपॉजिटरी में लिखित या भौतिक रूप से संशोधित सभी कोड शामिल होने चाहिए, जिसमें किसी अन्य डेवलपर के लिए आपसे संपर्क किए बिना आपके सेटअप को पुन: पेश करने के लिए पर्याप्त README होना चाहिए।  
आपके लाइव एंडपॉइंट को आपके निष्कर्षों को एक स्व-निहित दस्तावेज़ के रूप में प्रस्तुत करना चाहिए। एक मजबूत 
सबमिशन में शामिल होंगे: ए) किस संवादी प्रणाली का मूल्यांकन किया गया था और ऐसा क्यों किया गया था 
चुना गया, बी) कौन सा परीक्षण सूट डिज़ाइन किया गया था और इसके पीछे का तर्क, सी) परिणाम क्या थे 
केवल कच्चे डेटा के बजाय स्पष्ट व्याख्या के साथ दिखाएं, घ) निष्कर्ष क्या हो सकते हैं 
निकाला गया, और ई) जहां निष्कर्ष कम निकलते हैं या सामान्यीकृत नहीं किए जाने चाहिए। जहां संभव हो, 
मशीन-पठनीय रूप में मुख्य निष्कर्षों को सारांशित करते हुए एक संरचित डेटा ब्लॉक एम्बेड करें।  
  विकल्प बी - आलोचना और पुनर्निर्माण 
यदि आप यह निर्धारित करते हैं कि उपकरण मूल रूप से सीमित है या मूल्यांकन के लिए अनुपयुक्त है 
संवादात्मक समापन बिंदु, मामले को व्यवस्थित रूप से बनाएं। आपने जो पाया उसका दस्तावेजीकरण करते हुए भंडार पर विस्तृत अंक दर्ज करें - प्रत्येक अंक में इसका विवरण शामिल होना चाहिए 
समस्या, इसे पुन: उत्पन्न करने के कदम, मूल्यांकन गुणवत्ता पर इसका प्रभाव, और एक सुझाया गया समाधान। फिर 
बातचीत में टेक्स्ट इनपुट भेजने में सक्षम न्यूनतम व्यवहार्य विकल्प लागू करें 
समापन बिंदु और प्रतिक्रियाओं का आकलन करना। यह अन्य मौजूदा ओपन सोर्स का उपयोग करके किया जा सकता है 
ढाँचे।  
आपके भंडार में वैकल्पिक कार्यान्वयन (या यदि पुन: पेश करने के चरण) शामिल होने चाहिए 
मौजूदा ओपन सोर्स फ्रेमवर्क का उपयोग करना) और किसी अन्य डेवलपर के लिए पर्याप्त README 
इसे चलाने के लिए. आपके लाइव समापन बिंदु को आलोचना और विकल्प दोनों को एक स्व-निहित दस्तावेज़ के रूप में प्रस्तुत करना चाहिए। एक मजबूत सबमिशन में शामिल होगा: क्या विशेष रूप से टूटा हुआ है या 
दायर किए गए मुद्दों, डिज़ाइन निर्णयों के संदर्भ में मौजूदा टूल में अपर्याप्तता 
विकल्प को लागू करने में और क्यों, एक प्रदर्शन किया गया कि विकल्प 
आपकी पसंद के संवादात्मक समापन बिंदु के विरुद्ध काम करता है, और विकल्प अभी भी अच्छा प्रदर्शन नहीं करता है इसका एक ईमानदार विवरण।  
किसी भी स्थिति में, आपकी पसंद का रास्ता और उसके पीछे के तर्क पर बाद के चरण में चर्चा की जा सकती है।  
 
कैसे सबमिट करें  
आपके सबमिशन में निम्नलिखित शामिल होना चाहिए:  
1. आपका रिपॉजिटरी URL (GitHub या समकक्ष, सार्वजनिक पर सेट)  
2. आपका लाइव एंडपॉइंट यूआरएल  
3. आपके द्वारा चुने गए रास्ते और क्यों का वर्णन करने वाला एक पैराग्राफ  
4. असाइनमेंट पूरा करने में एआई के उपयोग का विवरण - आपने क्या दृष्टिकोण अपनाया, 
आपको कहां सही करना था, आपने ऐसा कैसे किया?  
जिन सबमिशन में रिपॉजिटरी यूआरएल शामिल नहीं है, उनकी समीक्षा नहीं की जाएगी। यदि आपका एंडपॉइंट सबमिशन के समय अभी तक लाइव नहीं है, तो इसे स्थानीय रूप से चलाने के निर्देशों के साथ एक दस्तावेजी डिलिवरेबल के रूप में रिपॉजिटरी में शामिल करें। 
आंशिक प्रस्तुतियाँ स्वीकार की जाती हैं। जो कुछ था उसके स्पष्ट दस्तावेज़ीकरण वाला एक भंडार 
प्रयास किया गया और जहां यह टूट गया, वहां समर्पण न करना बेहतर है। 
कृपया प्राप्ति के 2 दिनों के भीतर ड्रू डुरलॉफ़्स्की को वापस साझा करें।",en,hi,google,0.85,2026-05-09T18:52:01.940241,1.0,1.0,1.0,1.0,1.0,1.0,1.0,1.0,1.0,0.0,0.0,0.0,1.0,1.0,1.0,1.0,1.0,1.0,1.0,0.4517,0,0.8629,1.0,1.0,1.0,1.0,1.0,1.0,1.0,0.0,1.0,0.05,1.0,1.0,1.0,0.4382,1.0,1.0,1.0,1.0,0.0
